{
  "BTC": {
    "업비트": {
      "가격": 156418000.0,
      "거래량": null,
      "보유수량": 1.2,
      "업데이트": "20:18:52"
    },
    "빗썸": {
      "가격": 156340000.0,
      "거래량": 93217630384.89262,
      "보유수량": null,
      "업데이트": "20:18:45"
    },
    "코인원": {
      "가격": 156480000.0,
      "거래량": null,
      "보유수량": 47.74220923,
      "업데이트": "20:18:45"
    }
  },
  "ETH": {
    "업비트": {
      "가격": 6029000.0,
      "거래량": null,
      "보유수량": 1.2,
      "업데이트": "20:18:55"
    },
    "빗썸": {
      "가격": 6028000.0,
      "거래량": 104440097130.89609,
      "보유수량": null,
      "업데이트": "20:18:45"
    },
    "코인원": {
      "가격": 6030000.0,
      "거래량": null,
      "보유수량": 1230.12195025,
      "업데이트": "20:18:45"
    }
  },
  "XRP": {
    "업비트": {
      "가격": 4140.0,
      "거래량": null,
      "보유수량": 1.2,
      "업데이트": "20:18:55"
    },
    "빗썸": {
      "가격": 4135.0,
      "거래량": 146870723699.0987,
      "보유수량": null,
      "업데이트": "20:18:45"
    },
    "코인원": {
      "가격": 4137.0,
      "거래량": null,
      "보유수량": 2551838.0325274,
      "업데이트": "20:18:45"
    }
  },
  "SOL": {
    "업비트": {
      "가격": 306600.0,
      "거래량": null,
      "보유수량": 1.2,
      "업데이트": "20:18:48"
    },
    "빗썸": {
      "가격": 306600.0,
      "거래량": 87747090712.0944,
      "보유수량": null,
      "업데이트": "20:18:45"
    },
    "코인원": {
      "가격": 306800.0,
      "거래량": null,
      "보유수량": 14491.10981233,
      "업데이트": "20:18:46"
    }
  },
  "DOGE": {
    "업비트": {
      "가격": 335.0,
      "거래량": null,
      "보유수량": 1.2,
      "업데이트": "20:18:51"
    },
    "빗썸": {
      "가격": 336.0,
      "거래량": 90314226722.27786,
      "보유수량": null,
      "업데이트": "20:18:46"
    },
    "코인원": {
      "가격": 335.6,
      "거래량": null,
      "보유수량": 11968907.60706061,
      "업데이트": "20:18:46"
    }
  }
}